Filename,PixelWidth
H6EX10_S_PLC_SPC_Full_Upload_01,1.12413e-09
H6EX10_S_PLC_SPC_Upload_01,1.12413e-09
H6EX12_S_PLC_SPC_Full_Upload_01,1.12413e-09
H6EX12_S_PLC_SPC_Upload_01,1.12413e-09
H6EX15_S_PLC_SPC_Full_Upload_01,1.12413e-09
H6EX17_S_PLC_SPC_Full_Upload_01,7.49421e-10
H6EX17_S_PLC_SPC_Upload_01,1.12413e-09
H6EX17_S_PLC_SPC_Upload_02,1.12413e-09
H6EX17_S_PLC_SPC_Upload_03,1.12413e-09
H6EX20_S_PLC_SPC_Full_Upload_01,
H6EX20_S_PLC_SPC_Full_Upload_02,
H6EX20_S_PLC_SPC_Upload_01,1.12413e-09
H6EX20_S_PLC_SPC_Upload_02,1.12413e-09
H6EX25_S_PLC_SPC_Full_Upload_01,1.12413e-09
H6EX25_S_PLC_SPC_Full_Upload_02,
H6EX25_S_PLC_SPC_Upload_01,1.12413e-09
H6EX29_S_PLC_SPC_Full_Upload_01,1.12413e-09
H6EX30_S_PLC_SPC_Full_Upload_01,
H6EX30_S_PLC_SPC_Full_Upload_02,1.12413e-09
H6EX30_S_PLC_SPC_Upload_01,1.12413e-09
H6EX31_S_PLC_SPC_Full_Upload_01,1.12413e-09
H6EX31_S_PLC_SPC_Full_Upload_02,1.12413e-09
H6EX31_S_PLC_SPC_Upload_01,1.12413e-09
H6EX31_S_PLC_SPC_Upload_02,1.12413e-09
H6EX35_S_PLC_SPC_Upload_01,1.12413e-09
H6EX36_S_PLC_SPC_Full_Upload_01,
H6EX36_S_PLC_SPC_Full_Upload_02,
H6EX36_S_PLC_SPC_Upload_01,1.12413e-09
H6EX36_S_PLC_SPC_Upload_02,1.12413e-09
H6EX37_S_PLC_SPC_Full_Upload_02,1.12413e-09
H6EX39_S_PLC_SPC_Full_Upload_01,
H6EX39_S_PLC_SPC_Upload_01,1.12413e-09
H6EX39_S_PLC_SPC_Upload_02,1.12413e-09
H6EX41_S_PLC_SPC_Full_Upload_Clear_01,
H6EX41_S_PLC_SPC_Upload_Clear_01,
H6EX42_S_PLC_SPC_Full_Upload_01,1.12413e-09
H6EX42_S_PLC_SPC_Full_Upload_02,1.12413e-09
H6EX42_S_PLC_SPC_Full_Upload_Clear_02,1.12413e-09
H6EX42_S_PLC_SPC_Upload_01,
H6EX43_S_PLC_SPC_Full_Upload_Clear_01,1.12413e-09
H6EX43_S_PLC_SPC_Upload_Clear_02,1.12413e-09
H6EX45_S_PLC_SPC_Full_Upload_Clear_01,1.12413e-09
H6EX45_S_PLC_SPC_Full_Upload_Clear_02,1.12413e-09
H6EX45_S_PLC_SPC_Upload_Clear_01,
H6EX45_S_PLC_SPC_Upload_Clear_02,1.12413e-09
H6EX45_S_PLC_SPC_Upload_Clear_03,1.12413e-09
H6EX46_S_PLC_SPC_Full_Upload_Clear_01,1.12413e-09
H6EX46_S_PLC_SPC_Upload_Clear_01,1.12413e-09
H6EX47_S_PLC_SPC_Full_Upload_Clear_01,
H6EX47_S_PLC_SPC_Full_Upload_Clear_02,1.12413e-09
H6EX47_S_PLC_SPC_Upload_Clear_01,
H6EX49_S_PLC_SPC_Full_Upload_01,
H6EX49_S_PLC_SPC_Full_Upload_Clear_01,
H6EX49_S_PLC_SPC_Upload_01,
H6EX49_S_PLC_SPC_Upload_Clear_01,
H6EX4_S_PLC_SPC_Full_Upload_01,5.62066e-10
H6EX50_S_PLC_SPC_Full_Upload_01,1.12413e-09
H6EX50_S_PLC_SPC_Full_Upload_Clear_01,1.12413e-09
H6EX50_S_PLC_SPC_Upload_01,1.12413e-09
H6EX50_S_PLC_SPC_Upload_02,1.12413e-09
H6EX50_S_PLC_SPC_Upload_Clear_01,1.12413e-09
H6EX50_S_PLC_SPC_Upload_Clear_02,1.12413e-09
H6EX52_S_PLC_SPC_Full_Upload_01,
H6EX52_S_PLC_SPC_Full_Upload_Clear_01,
H6EX52_S_PLC_SPC_Upload_02,
H6EX52_S_PLC_SPC_Upload_Clear_01,1.12413e-09
H6EX52_S_PLC_SPC_Upload_Clear_02,
H6EX53_S_PLC_SPC_Full_Upload_Clear_01,1.12413e-09
H6EX53_S_PLC_SPC_Full_Upload_Clear_02,1.12413e-09
H6EX53_S_PLC_SPC_Upload_Clear_01,1.12413e-09
H6EX53_S_PLC_SPC_Upload_Clear_02,1.12413e-09
H6EX54_S_PLC_SPC_Full_Upload_Clear_01,1.12413e-09
H6EX54_S_PLC_SPC_Full_Upload_Clear_02,1.12413e-09
H6EX56_S_PLC_SPC_Full_Upload_01,1.12413e-09
H6EX56_S_PLC_SPC_Upload_01,1.12413e-09
H6EX56_S_PLC_SPC_Upload_02,1.12413e-09
H6EX58_S_PLC_SPC_Full_Upload_Clear_01,
H6EX58_S_PLC_SPC_Upload_01,1.12413e-09
H6EX58_S_PLC_SPC_Upload_Clear_01,1.12413e-09
H6EX8_S_PLC_SPC_Full_Upload_01,
H6EX8_S_PLC_SPC_Upload_01,
HCX313v_S_PLC_SPC_Upload_01,1.12413e-09
HCX313v_S_PLC_SPC_Upload_02,1.12413e-09
HCX335v_S_PLC_SPC_Full_Upload_Clear_01,2.24826e-09
HCX335v_S_PLC_SPC_Full_Upload_Clear_02,2.24826e-09
HCX336v_S_PLC_SPC_Full_Upload_Clear_01,1.12413e-09
HCX338v_S_PLC_SPC_Full_Upload_Clear_01,1.12413e-09
HCX338v_S_PLC_SPC_Full_Upload_Clear_02,
HCX338v_S_PLC_SPC_Upload_Clear_01,1.12413e-09
HCX338v_S_PLC_SPC_Upload_Clear_02,1.12413e-09
HCX339v_S_PLC_SPC_Full_Upload_Clear_01,1.12413e-09
HCX339v_S_PLC_SPC_Upload_Clear_02,1.12413e-09
HCX340v_S_PLC_SPC_Full_Upload_Clear_01,1.12413e-09
HCX340v_S_PLC_SPC_Upload_Clear_01,1.12413e-09
HCX341_S_PLC_SPC_Upload_Clear_01,1.12413e-09
HCX342_S_PLC_SPC_Upload_Clear_01,1.12413e-09
HCX342_S_PLC_SPC_Upload_Clear_02,1.12413e-09
HCX343_S_PLC_SPC_Full_Upload_Clear_01,1.12413e-09
HCX343_S_PLC_SPC_Upload_01,1.12413e-09
HCX343_S_PLC_SPC_Upload_Clear_01,1.12413e-09
HCX344_S_PLC_SPC_Full_Upload_Clear_01,1.12413e-09
HCX344_S_PLC_SPC_Upload_Clear_01,1.12413e-09
HCX345_S_PLC_SPC_Full_Upload_Clear_01,1.12413e-09
HCX345_S_PLC_SPC_Full_Upload_Clear_02,1.12413e-09
HCX345_S_PLC_SPC_Upload_Clear_01,1.12413e-09
HCX345_S_PLC_SPC_Upload_Clear_02,1.12413e-09
HCX346_S_PLC_SPC_Upload_Clear_01,1.12413e-09
HCX347_S_PLC_SPC_Full_Upload_Clear_01,
HCX347_S_PLC_SPC_Upload_Clear_01,1.12413e-09
HCX348_S_PLC_SPC_Full_Upload_Clear_01,1.12413e-09
HCX348_S_PLC_SPC_Upload_Clear_01,1.12413e-09
HCX348_S_PLC_SPC_Upload_Clear_02,1.12413e-09
HCX348_S_PLC_SPC_Upload_Clear_03,1.12413e-09
HCX348_S_PLC_SPC_Upload_Clear_04,5.62066e-10
HCX349_S_PLC_SPC_Full_Upload_Clear_01,1.12413e-09
HCX349_S_PLC_SPC_Full_Upload_Clear_02,1.12413e-09
HCX349_S_PLC_SPC_Upload_Clear_01,1.12413e-09
HCX349_S_PLC_SPC_Upload_Clear_02,1.12413e-09
HCX350_S_PLC_SPC_Full_Upload_Clear_01,
HCX350_S_PLC_SPC_Upload_Clear_01,5.62066e-10
HCX350_S_PLC_SPC_Upload_Clear_02,
HCX352_S_PLC_SPC_Full_Upload_Clear_01,1.12413e-09
HCX352_S_PLC_SPC_Full_Upload_Clear_02,1.12413e-09
HCX352_S_PLC_SPC_Upload_Clear_01,1.12413e-09
HCX353_S_PLC_SPC_Full_Upload_Clear_01,1.12413e-09
HCX353_S_PLC_SPC_Upload_Clear_01,1.12413e-09
HCX353_S_PLC_SPC_Upload_Clear_02,1.12413e-09
HCX354_S_PLC_SPC_Full_Upload_Clear_01,1.12413e-09
HCX354_S_PLC_SPC_Upload_Clear_01,1.12413e-09
HCX354_S_PLC_SPC_Upload_Clear_02,1.12413e-09
HCX355_S_PLC_SPC_Full_Upload_Clear_01,1.12413e-09
HCX356_S_PLC_SPC_Full_Upload_Clear_01,1.12413e-09
HCX356_S_PLC_SPC_Full_Upload_Clear_02,1.12413e-09
HCX356_S_PLC_SPC_Full_Upload_Clear_03,1.12413e-09
HCX356_S_PLC_SPC_Upload_Clear_01,1.12413e-09
HCX356_S_PLC_SPC_Upload_Clear_02,1.12413e-09
HEG102_S_LogContaminationUpload2,1.12355e-009
HEG102_S_LongTermContaminationUpload,1.12355e-009
HEG105_S_LogContaminationUpload1,1.12253e-009
HEG105_S_LongTermContaminationUpload,1.124e-009
HEG107_S_LogContaminationUpload3,1.12367e-009
HEG10_S_LongTermContaminationUpload,
HEG111_S_LogContaminationUpload1,1.34865e-009
HEG111_S_LogContaminationUpload3,1.12354e-009
HEG111_S_LongTermContaminationUpload,1.12357e-009
HEG118_S_LogContaminationUpload3,1.68703e-009
HEG122_S_LogContaminationUpload1,1.12413e-009
HEG122_S_LogContaminationUpload2,
HEG122_S_LogContaminationUpload5,1.12383e-009
HEG122_S_LongTermContaminationUpload,1.12383e-009
HEG125_S_LogContaminationUpload1,1.12413e-009
HEG125_S_LogContaminationUpload2,
HEG129_S_LogContaminationUpload1,1.12413e-009
HEG129_S_LogContaminationUpload2,1.12239e-009
HEG29_S_LogContaminationUpload2,
HEG29_S_LogContaminationUpload4,
HEG29_S_LongTermContaminationUpload,
HEG43_S_LogContaminationUpload3,
HEG43_S_LogContaminationUpload4,
HEG56_S_LogContaminationUpload1,1.12413e-009
HEG56_S_LogContaminationUpload2,
HEG56_S_LongTermContaminationUpload,
HEG57_S_LogContaminationUpload1,
HEG59_S_LogContaminationUpload1,
HEG65_S_LogContaminationUpload1,
HEG65_S_LogContaminationUpload4,
HEG65_S_LongTermContaminationUpload,
HEG69_S_LogContaminationUpload1,
HEG69_S_LongTermContaminationUpload,
HEG75_S_LogContaminationUpload4,1.12297e-009
HEG75_S_LogContaminationUpload5,1.12296e-009
HEG75_S_LogContaminationUpload6,1.12336e-009
HEG79_S_LogContaminationUpload1,1.12407e-009
HEG79_S_LogContaminationUpload2,1.12354e-009
HEG79_S_LogContaminationUpload3,1.12361e-009
HEG79_S_LongTermContaminationUpload,1.12374e-009
HEG82_S_LogContaminationUpload2,
HEG82_S_LogContaminationUpload3,
HEG86_S_LogContaminationUpload1,1.12398e-009
HEG86_S_LogContaminationUpload2,1.12322e-009
HEG86_S_LogContaminationUpload3,1.123e-009
HEG86_S_LongTermContaminationUpload,1.12322e-009
HEG91_S_LongTermContaminationUpload,1.12308e-009
HEG93_S_LogContaminationUpload1,1.12543e-009
HEG93_S_LogContaminationUpload2,1.12357e-009
HEG93_S_LogContaminationUpload3,1.12398e-009
HEG93_S_LogContaminationUpload4,
HEG93_S_LogContaminationUpload5,
HEG93_S_LogContaminationUpload6,1.12361e-009
HEG93_S_LongTermContaminationUpload,1.12361e-009
HEG94_S_LogContaminationUpload1,1.12413e-009
HEG94_S_LogContaminationUpload3,1.12415e-009
HEG94_S_LongTermContaminationUpload,1.12415e-009
HEG95_S_LogContaminationUpload1,1.12231e-009
HEG95_S_LogContaminationUpload2,1.12412e-009
HEG95_S_LogContaminationUpload3,1.12216e-009
HEG95_S_LogContaminationUpload4,
HEX417v_S_PLC_SPC_Full_Upload_01,1.12465e-09
HEX417v_S_PLC_SPC_Upload_01,1.12413e-09
HEX420v_S_PLC_SPC_Full_Upload_02,1.12413e-09
HEX421v_S_PLC_SPC_Full_Upload_01,1.12413e-09
HEX427v_S_PLC_SPC_Full_Upload_01,1.12413e-09
HEX427v_S_PLC_SPC_Upload_02,1.12413e-09
HEX434v_S_PLC_SPC_Full_Upload_01,1.12413e-09
HEX437v_S_PLC_SPC_Full_Upload_01,1.12413e-09
HEX437v_S_PLC_SPC_Upload_01,1.12413e-09
HEX438v_S_PLC_SPC_Full_Upload_01,
HEX441v_S_PLC_SPC_Full_Upload_01,1.12413e-09
HEX441v_S_PLC_SPC_Full_Upload_02,1.12413e-09
HEX441v_S_PLC_SPC_Upload_01,1.12413e-09
HEX441v_S_PLC_SPC_Upload_02,1.12413e-09
HEX441v_S_PLC_SPC_Upload_03,1.12413e-09
HEX443v_S_PLC_SPC_Full_Upload_01,1.12413e-09
HEX443v_S_PLC_SPC_Upload_01,1.12413e-09
HEX447v_S_PLC_SPC_Full_Upload_Clear_01,1.12413e-09
HEX447v_S_PLC_SPC_Upload_Clear_02,1.12413e-09
HEX449v_S_PLC_SPC_Full_Upload_01,1.12413e-09
HEX449v_S_PLC_SPC_Upload_01,
HEX449v_S_PLC_SPC_Upload_02,1.12413e-09
HEX450v_S_PLC_SPC_Full_Upload_02,1.12413e-09
HEX452v_S_PLC_SPC_Full_Upload_Clear_01,1.12413e-09
HEX453v_S_PLC_SPC_Full_Upload_Clear_01,
HEX453v_S_PLC_SPC_Upload_Clear_02,1.12413e-09
HEX453v_S_PLC_SPC_Upload_Clear_03,1.12413e-09
HEX454v_S_PLC_SPC_Upload_Clear_02,1.12413e-09
HEX455v_S_PLC_SPC_Full_Upload_Clear_01,1.12413e-09
HEX455v_S_PLC_SPC_Full_Upload_Clear_02,1.12413e-09
HEX455v_S_PLC_SPC_Upload_Clear_02,1.12413e-09
HEX456v_S_PLC_SPC_Full_Upload_01,1.12413e-09
HEX456v_S_PLC_SPC_Full_Upload_Clear_01,1.12413e-09
HEX456v_S_PLC_SPC_Upload_01,1.12413e-09
HEX456v_S_PLC_SPC_Upload_Clear_01,1.12413e-09
HEX457v_S_PLC_SPC_Full_Upload_Clear_01,1.12413e-09
HEX457v_S_PLC_SPC_Full_Upload_Clear_02,1.12413e-09
HEX457v_S_PLC_SPC_Upload_Clear_01,1.12413e-09
HEX457v_S_PLC_SPC_Upload_Clear_02,1.12413e-09
HEX457v_S_PLC_SPC_Upload_Clear_03,1.12413e-09
HEX458v_S_PLC_SPC_Full_Upload_01,1.12413e-09
HEX458v_S_PLC_SPC_Full_Upload_Clear_01,1.12413e-09
HEX458v_S_PLC_SPC_Upload_01,1.12413e-09
HEX458v_S_PLC_SPC_Upload_Clear_02,1.12413e-09
HEX458v_S_PLC_SPC_Upload_Clear_03,1.12413e-09
HEX459v_S_PLC_SPC_Full_Upload_01,1.12413e-09
HEX459v_S_PLC_SPC_Full_Upload_02,1.12413e-09
HEX459v_S_PLC_SPC_Full_Upload_Clear_02,1.12413e-09
HEX459v_S_PLC_SPC_Upload_01,1.12413e-09
HEX461v_S_PLC_SPC_Full_Upload_Clear_01,1.12413e-09
HEX461v_S_PLC_SPC_Full_Upload_Clear_02,1.12413e-09
HEX461v_S_PLC_SPC_Upload_Clear_01,1.12413e-09
HEX461v_S_PLC_SPC_Upload_Clear_02,1.12413e-09
HEX462v_S_PLC_SPC_Full_Upload_Clear_01,1.12413e-09
HEX463v_S_PLC_SPC_Full_Upload_Clear_01,1.12413e-09
HEX463v_S_PLC_SPC_Full_Upload_Clear_02,1.12413e-09
HEX463v_S_PLC_SPC_Upload_Clear_01,1.12413e-09
HEX464v_S_PLC_SPC_Full_Upload_Clear_01,1.12413e-09
HEX464v_S_PLC_SPC_Upload_Clear_01,1.12413e-09
HEX464v_S_PLC_SPC_Upload_Clear_02,1.12413e-09
HEX465v_S_PLC_SPC_Upload_Clear_01,1.12413e-09
HEX465v_S_PLC_SPC_Upload_Clear_02,1.12413e-09
HEX466v_S_PLC_SPC_Full_Upload_Clear_01,
HEX466v_S_PLC_SPC_Upload_Clear_01,1.12413e-09
HEX467_S_PLC_SPC_Upload_Clear_01,1.12413e-09
HEX468v_S_PLC_SPC_Full_Upload_Clear_01,1.12413e-09
HEX468v_S_PLC_SPC_Full_Upload_Clear_02,1.07917e-09
HEX468v_S_PLC_SPC_Upload_Clear_01,1.12413e-09
HEX469v_S_PLC_SPC_Full_Upload_Clear_01,1.12413e-09
HEX469v_S_PLC_SPC_Upload_Clear_01,1.12413e-09
HEX470v_S_PLC_SPC_Full_Upload_Clear_01,1.12413e-09
HEX470v_S_PLC_SPC_Full_Upload_Clear_02,1.12413e-09
HEX470v_S_PLC_SPC_Upload_Clear_01,1.12413e-09
HEX470v_S_PLC_SPC_Upload_Clear_02,1.12413e-09
HEX472_S_PLC_SPC_Full_Upload_Clear_01,1.12413e-09
HEX472_S_PLC_SPC_Upload_Clear_01,2.81033e-10
HEX472_S_PLC_SPC_Upload_Clear_02,2.81033e-10
HEX474_S_PLC_SPC_Full_Upload_Clear_01,
HEX474_S_PLC_SPC_Upload_Clear_01,1.12413e-09
HEX480_S_PLC_SPC_Full_Upload_Clear_01,1.12413e-09
HEX480_S_PLC_SPC_Full_Upload_Clear_02,1.12413e-09
HEX480_S_PLC_SPC_Upload_Clear_01,1.12413e-09
HEX482_S_PLC_SPC_Full_Upload_Clear_01,1.12413e-09
HEX482_S_PLC_SPC_Full_Upload_Clear_02,1.12413e-09
HEX482_S_PLC_SPC_Upload_Clear_01,1.12413e-09
HEX482_S_PLC_SPC_Upload_Clear_02,1.12413e-09
HEX483_S_PLC_SPC_Upload_Clear_01,1.12413e-09
HEX486_S_PLC_SPC_Full_Upload_Clear_01,1.12413e-09
HEX486_S_PLC_SPC_Upload_Clear_01,
HEX488_S_PLC_SPC_Full_Upload_Clear_01,1.12413e-09
HEX488_S_PLC_SPC_Full_Upload_Clear_02,1.12413e-09
HEX488_S_PLC_SPC_Full_Upload_Clear_03,1.12413e-09
HEX488_S_PLC_SPC_Upload_Clear_01,1.12413e-09
HEX489_S_PLC_SPC_Full_Upload_Clear_01,
HEX489_S_PLC_SPC_Full_Upload_Clear_02,
HEX489_S_PLC_SPC_Upload_Clear_01,1.12413e-09
HEX490_S_PLC_SPC_Full_Upload_Clear_01,
HEX490_S_PLC_SPC_Upload_Clear_01,1.12413e-09
HEX494_S_PLC_SPC_Full_Upload_Clear_01,1.12413e-09
HEX494_S_PLC_SPC_Full_Upload_Clear_02,1.12413e-09
HEX494_S_PLC_SPC_Upload_Clear_01,1.12413e-09
HEX500_S_PLC_SPC_Full_Upload_Clear_01,1.12413e-09
HEX500_S_PLC_SPC_Full_Upload_Clear_02,1.12413e-09
HEX500_S_PLC_SPC_Upload_Clear_01,1.12413e-09
HPX41v_S_PLC_SPC_Upload_Clear_01,5.62066e-10
HPX41v_S_PLC_SPC_Upload_Clear_02,5.39583e-10
HPX42_S_PLC_SPC_Full_Upload_Clear_01,1.12413e-09
HPX42_S_PLC_SPC_Upload_Clear_01,1.12413e-09
HPX42_S_PLC_SPC_Upload_Clear_02,1.12413e-09
HPX43_S_PLC_SPC_Upload_Clear_01,1.12413e-09
HPX43_S_PLC_SPC_Upload_Clear_02,1.12413e-09
HUX181v_S_PLC_SPC_Full_Upload_Clear_01,1.12413e-09
HUX181v_S_PLC_SPC_Full_Upload_Clear_02,1.12413e-09
HUX181v_S_PLC_SPC_Upload_Clear_01,1.07917e-09
HUX181v_S_PLC_SPC_Upload_Clear_02,1.12413e-09
HUX181v_S_PLC_SPC_Upload_Clear_03,1.12413e-09
HUX182v_S_PLC_SPC_Full_Upload_Clear_01,6.43022e-10
HUX182v_S_PLC_SPC_Upload_Clear_03,6.43022e-10
HUX183v_S_PLC_SPC_Full_Upload_Clear_01,1.12413e-09
HUX183v_S_PLC_SPC_Full_Upload_Clear_02,1.12413e-09
HUX184v_S_PLC_SPC_Full_Upload_Clear_01,1.12413e-09
HUX184v_S_PLC_SPC_Upload_Clear_01,1.12413e-09
HUX184v_S_PLC_SPC_Upload_Clear_02,1.12413e-09
HUX185v_S_PLC_SPC_Full_Upload_Clear_01,1.12413e-09
HUX185v_S_PLC_SPC_Upload_Clear_01,1.12413e-09
HUX185v_S_PLC_SPC_Upload_Clear_02,1.12413e-09
HUX185v_S_PLC_SPC_Upload_Clear_03,1.12413e-09
HUX186v_S_PLC_SPC_Full_Upload_Clear_01,1.28337e-09
HUX186v_S_PLC_SPC_Full_Upload_Clear_02,1.3474e-09
HUX186v_S_PLC_SPC_Upload_Clear_01,1.12413e-09
HUX186v_S_PLC_SPC_Upload_Clear_02,1.12413e-09
HUX188v_S_PLC_SPC_Upload_Clear_01,2.24826e-09
HUX189v_S_PLC_SPC_Full_Upload_Clear_01,1.12413e-09
HUX189v_S_PLC_SPC_Full_Upload_Clear_02,1.12413e-09
HUX189v_S_PLC_SPC_Upload_Clear_01,1.12413e-09
HUX189v_S_PLC_SPC_Upload_Clear_02,8.99306e-10
HUX189v_S_PLC_SPC_Upload_Clear_03,1.12413e-09
HUX190_S_PLC_SPC_Full_Upload_Clear_01,1.12413e-09
HUX190_S_PLC_SPC_Upload_Clear_01,1.12413e-09
HUX190_S_PLC_SPC_Upload_Clear_02,1.12413e-09
HUX191_S_PLC_SPC_Upload_Clear_01,1.12413e-09
HUX192_S_PLC_SPC_Full_Upload_Clear_01,1.12413e-09
HUX192_S_PLC_SPC_Upload_Clear_01,1.12413e-09
HUX193_S_PLC_SPC_Full_Upload_Clear_01,1.12413e-09
HUX193_S_PLC_SPC_Full_Upload_Clear_02,1.12413e-09
HUX193_S_PLC_SPC_Upload_Clear_01,1.12413e-09
HUX194_S_PLC_SPC_Upload_Clear_01,1.12413e-09
HUX195_S_PLC_SPC_Full_Upload_Clear_01,2.24826e-09
HUX195_S_PLC_SPC_Full_Upload_Clear_02,2.24826e-09
HUX195_S_PLC_SPC_Upload_Clear_01,2.24826e-09
HUX195_S_PLC_SPC_Upload_Clear_02,2.24826e-09
HUX196_S_PLC_SPC_Upload_Clear_01,1.12413e-09
HUX197_S_PLC_SPC_Full_Upload_Clear_01,1.12413e-09
HUX197_S_PLC_SPC_Full_Upload_Clear_02,
HUX197_S_PLC_SPC_Upload_Clear_01,1.12413e-09
HUX197_S_PLC_SPC_Upload_Clear_02,1.12413e-09
HUX198_S_PLC_SPC_Full_Upload_Clear_01,1.12413e-09
HUX198_S_PLC_SPC_Upload_Clear_01,1.12413e-09
HUX198_S_PLC_SPC_Upload_Clear_02,1.12413e-09
HUX199_S_PLC_SPC_Upload_Clear_01,1.12413e-09
HUX200_S_PLC_SPC_Full_Upload_Clear_01,1.12413e-09
HUX200_S_PLC_SPC_Full_Upload_Clear_02,1.12413e-09
HUX200_S_PLC_SPC_Full_Upload_Clear_03,1.12413e-09
HUX200_S_PLC_SPC_Upload_Clear_01,1.12413e-09
HUX200_S_PLC_SPC_Upload_Clear_02,1.12413e-09
HUX200_S_PLC_SPC_Upload_Clear_03,1.12413e-09
HUX201_S_PLC_SPC_Full_Upload_Clear_01,1.12413e-09
HUX201_S_PLC_SPC_Upload_Clear_01,1.12413e-09
HUX201_S_PLC_SPC_Upload_Clear_02,1.12413e-09
HUX202_S_PLC_SPC_Full_Upload_Clear_01,2.24826e-09
HUX202_S_PLC_SPC_Upload_Clear_01,2.24826e-09
HUX202_S_PLC_SPC_Upload_Clear_02,2.24826e-09
HUX207_S_PLC_SPC_Upload_Clear_01,1.12413e-09
HUX207_S_PLC_SPC_Upload_Clear_02,1.12413e-09
HVM184_S_LogContaminationUpload3,1.12322e-009
HVM198_S_LongTermContaminationUpload,1.12457e-009
HVX102_S_PLC_SPC_Upload_02,1.12414e-009
HVX117v_S_PLC_SPC_Upload_01,8.995e-10
HVX124v_S_PLC_SPC_Full_Upload_01,
HVX124v_S_PLC_SPC_Full_Upload_02,
HVX124v_S_PLC_SPC_Full_Upload_03,
HVX124v_S_PLC_SPC_Upload_01,1.12413e-09
HVX142v_S_PLC_SPC_Upload_04,1.12413e-09
HVX144v_S_PLC_SPC_Full_Upload_01,1.92708e-09
HVX146v_S_PLC_SPC_Full_Upload_01,1.12413e-09
HVX155v_S_PLC_SPC_Full_Upload_02,1.12413e-09
HVX156v_S_PLC_SPC_Full_Upload_01,
HVX156v_S_PLC_SPC_Upload_01,1.12413e-09
HVX159v_S_PLC_SPC_Full_Upload_01,1.12413e-09
HVX159v_S_PLC_SPC_Upload_01,1.12413e-09
HVX159v_S_PLC_SPC_Upload_02,1.12413e-09
HVX159v_S_PLC_SPC_Upload_03,1.12413e-09
HVX161v_S_PLC_SPC_Full_Upload_01,
HVX162v_S_PLC_SPC_Full_Upload_01,
HVX164v_S_PLC_SPC_Full_Upload_01,
HVX164v_S_PLC_SPC_Full_Upload_02,1.12413e-09
HVX166v_S_PLC_SPC_Full_Upload_01,1.12413e-09
HVX166v_S_PLC_SPC_Full_Upload_02,1.12413e-09
HVX167v_S_PLC_SPC_Full_Upload_01,1.12413e-09
HVX167v_S_PLC_SPC_Upload_01,1.12413e-09
HVX176v_S_PLC_SPC_Full_Upload_01,1.12413e-09
HVX176v_S_PLC_SPC_Upload_02,1.12413e-09
HVX187v_S_PLC_SPC_Full_Upload_01,
HVX187v_S_PLC_SPC_Full_Upload_02,
HVX187v_S_PLC_SPC_Upload_01,1.12413e-09
HVX187v_S_PLC_SPC_Upload_02,1.12413e-09
HVX191v_S_PLC_SPC_Upload_01,1.12413e-09
HVX193v_S_PLC_SPC_Full_Upload_01,1.12413e-09
HVX193v_S_PLC_SPC_Full_Upload_02,1.12413e-09
HVX193v_S_PLC_SPC_Upload_02,7.49421e-10
HVX194v_S_PLC_SPC_Full_Upload_01,1.12413e-09
HVX194v_S_PLC_SPC_Full_Upload_02,1.12413e-09
HVX200v_S_PLC_SPC_Full_Upload_01,1.12413e-09
HVX200v_S_PLC_SPC_Full_Upload_02,1.12413e-09
HVX200v_S_PLC_SPC_Full_Upload_03,
HVX200v_S_PLC_SPC_Upload_01,1.12413e-09
HVX201v_S_PLC_SPC_Full_Upload_01,1.12413e-09
HVX201v_S_PLC_SPC_Full_Upload_02,1.12413e-09
HVX201v_S_PLC_SPC_Upload_01,1.12413e-09
HVX201v_S_PLC_SPC_Upload_02,1.12413e-09
HVX206v_S_PLC_SPC_Full_Upload_01,1.12413e-09
HVX206v_S_PLC_SPC_Full_Upload_02,1.12413e-09
HVX206v_S_PLC_SPC_Upload_01,1.12413e-09
HVX206v_S_PLC_SPC_Upload_02,1.12413e-09
HVX213v_S_PLC_SPC_Full_Upload_01,1.12413e-09
HVX213v_S_PLC_SPC_Upload_01,1.12413e-09
HVX213v_S_PLC_SPC_Upload_02,1.12413e-09
HVX214v_S_PLC_SPC_Full_Upload_01,1.12413e-09
HVX214v_S_PLC_SPC_Upload_01,1.12413e-09
HVX214v_S_PLC_SPC_Upload_02,1.12413e-09
HVX214v_S_PLC_SPC_Upload_03,1.12413e-09
HVX221v_S_PLC_SPC_Full_Upload_03,1.12413e-09
HVX221v_S_PLC_SPC_Upload_01,1.12413e-09
HVX221v_S_PLC_SPC_Upload_02,1.12413e-09
HVX225v_S_PLC_SPC_Full_Upload_02,1.12413e-09
HVX225v_S_PLC_SPC_Upload_01,1.12413e-09
HVX228v_S_PLC_SPC_Full_Upload_01,1.12413e-09
HVX228v_S_PLC_SPC_Full_Upload_02,
HVX231v_S_PLC_SPC_Full_Upload_02,1.12413e-09
HVX234v_S_PLC_SPC_Full_Upload_01,
HVX234v_S_PLC_SPC_Upload_01,1.12413e-09
HVX234v_S_PLC_SPC_Upload_02,
HVX234v_S_PLC_SPC_Upload_03,
HVX240v_S_PLC_SPC_Full_Upload_02,1.12413e-09
HVX254v_S_PLC_SPC_Full_Upload_02,1.12413e-09
HVX255v_S_PLC_SPC_Full_Upload_Clear_02,
HVX255v_S_PLC_SPC_Upload_Clear_01,1.12413e-09
HVX255v_S_PLC_SPC_Upload_Clear_02,1.12413e-09
HVX257v_S_PLC_SPC_Full_Upload_02,1.12413e-09
HVX258v_S_PLC_SPC_Full_Upload_Clear_01,1.12413e-09
HVX259v_S_PLC_SPC_Full_Upload_Clear_01,1.12413e-09
HVX259v_S_PLC_SPC_Full_Upload_Clear_02,1.12413e-09
HVX259v_S_PLC_SPC_Upload_Clear_02,1.12413e-09
HVX259v_S_PLC_SPC_Upload_Clear_03,1.12413e-09
HVX261v_S_PLC_SPC_Full_Upload_01,1.12413e-09
HVX261v_S_PLC_SPC_Full_Upload_Clear_01,1.12413e-09
HVX262v_S_PLC_SPC_Upload_Clear_01,1.12413e-09
HVX263v_S_PLC_SPC_Full_Upload_01,1.12413e-09
HVX263v_S_PLC_SPC_Full_Upload_Clear_01,1.12413e-09
HVX263v_S_PLC_SPC_Upload_Clear_01,1.12413e-09
HVX263v_S_PLC_SPC_Upload_Clear_02,1.1242e-09
HVX263v_S_PLC_SPC_Upload_Clear_03,1.12413e-09
HVX264v_S_PLC_SPC_Upload_Clear_01,1.12413e-09
HVX265v_S_PLC_SPC_Full_Upload_Clear_01,8.99306e-10
HVX266v_S_PLC_SPC_Full_Upload_Clear_01,1.12413e-09
HVX266v_S_PLC_SPC_Upload_Clear_01,1.12413e-09
HVX267v_S_PLC_SPC_Full_Upload_Clear_01,
HVX267v_S_PLC_SPC_Upload_Clear_01,1.79861e-09
HVX268v_S_PLC_SPC_Full_Upload_Clear_01,1.12413e-09
HVX268v_S_PLC_SPC_Full_Upload_Clear_02,1.12413e-09
HVX268v_S_PLC_SPC_Upload_01,1.12413e-09
HVX268v_S_PLC_SPC_Upload_Clear_01,1.12413e-09
HVX269_S_PLC_SPC_Full_Upload_01,1.12413e-09
HVX269_S_PLC_SPC_Full_Upload_Clear_01,1.12413e-09
HVX269_S_PLC_SPC_Upload_Clear_01,1.12413e-09
HVX269_S_PLC_SPC_Upload_Clear_02,1.12413e-09
HVX269_S_PLC_SPC_Upload_Clear_03,1.12413e-09
HVX271_S_PLC_SPC_Upload_01,1.12413e-09
HVX271_S_PLC_SPC_Upload_Clear_01,1.12413e-09
HVX272_S_PLC_SPC_Full_Upload_01,1.12413e-09
HVX272_S_PLC_SPC_Full_Upload_02,1.12413e-09
HVX272_S_PLC_SPC_Full_Upload_Clear_01,1.12413e-09
HVX272_S_PLC_SPC_Full_Upload_Clear_02,1.12413e-09
HVX272_S_PLC_SPC_Upload_01,1.12413e-09
HVX272_S_PLC_SPC_Upload_02,1.12413e-09
HVX272_S_PLC_SPC_Upload_Clear_01,1.12413e-09
HVX272_S_PLC_SPC_Upload_Clear_02,1.12413e-09
HVX273_S_PLC_SPC_Full_Upload_Clear_01,1.12413e-09
HVX273_S_PLC_SPC_Upload_Clear_01,2.24826e-09
HVX273_S_PLC_SPC_Upload_Clear_02,
HVX273_S_PLC_SPC_Upload_Clear_03,1.12413e-09
HVX273_S_PLC_SPC_Upload_Clear_04,1.12413e-09
HVX274_S_PLC_SPC_Full_Upload_Clear_01,1.12413e-09
HVX274_S_PLC_SPC_Full_Upload_Clear_02,
HVX274_S_PLC_SPC_Upload_01,1.12413e-09
HVX274_S_PLC_SPC_Upload_Clear_01,1.12413e-09
HVX274_S_PLC_SPC_Upload_Clear_02,
HVX275_S_PLC_SPC_Full_Upload_Clear_01,1.12413e-09
HVX275_S_PLC_SPC_Full_Upload_Clear_02,1.12413e-09
HVX275_S_PLC_SPC_Full_Upload_Clear_03,1.12413e-09
HVX275_S_PLC_SPC_Upload_Clear_01,1.12413e-09
HVX275_S_PLC_SPC_Upload_Clear_02,1.12413e-09
HVX276_S_PLC_SPC_Full_Upload_Clear_01,2.24826e-09
HVX276_S_PLC_SPC_Full_Upload_Clear_02,1.12413e-09
HVX276_S_PLC_SPC_Full_Upload_Clear_03,1.12413e-09
HVX276_S_PLC_SPC_Upload_Clear_01,1.12413e-09
HVX276_S_PLC_SPC_Upload_Clear_02,1.12413e-09
HVX276_S_PLC_SPC_Upload_Clear_03,1.12413e-09
HVX276_S_PLC_SPC_Upload_Clear_04,1.12413e-09
HVX277_S_PLC_SPC_Full_Upload_Clear_01,1.12413e-09
HVX277_S_PLC_SPC_Upload_Clear_01,1.79861e-09
HVX278_S_PLC_SPC_Full_Upload_01,8.99306e-10
HVX278_S_PLC_SPC_Full_Upload_Clear_01,8.99306e-10
HVX278_S_PLC_SPC_Upload_Clear_01,1.79861e-09
HVX279_S_PLC_SPC_Full_Upload_01,1.12413e-09
HVX279_S_PLC_SPC_Full_Upload_Clear_01,1.12413e-09
HVX279_S_PLC_SPC_Full_Upload_Clear_02,1.12413e-09
HVX279_S_PLC_SPC_Upload_01,1.12413e-09
HVX279_S_PLC_SPC_Upload_02,1.12413e-09
HVX279_S_PLC_SPC_Upload_Clear_01,1.12413e-09
HVX279_S_PLC_SPC_Upload_Clear_02,1.12413e-09
HVX280_S_PLC_SPC_Full_Upload_Clear_01,
HVX280_S_PLC_SPC_Upload_Clear_01,1.12413e-09
HVX280_S_PLC_SPC_Upload_Clear_02,1.12413e-09
HVX281_S_PLC_SPC_Full_Upload_Clear_01,1.12413e-09
HVX281_S_PLC_SPC_Upload_Clear_01,1.12413e-09
HVX281_S_PLC_SPC_Upload_Clear_02,1.12413e-09
HVX282_S_PLC_SPC_Full_Upload_Clear_01,1.12413e-09
HVX282_S_PLC_SPC_Full_Upload_Clear_02,1.12413e-09
HVX282_S_PLC_SPC_Upload_Clear_01,1.12413e-09
HVX282_S_PLC_SPC_Upload_Clear_02,1.6862e-09
HVX283_S_PLC_SPC_Full_Upload_01,6.98511e-10
HVX283_S_PLC_SPC_Full_Upload_Clear_01,6.98511e-10
HVX283_S_PLC_SPC_Upload_01,1.42112e-09
HVX283_S_PLC_SPC_Upload_Clear_01,1.42112e-09
HVX284_S_PLC_SPC_Full_Upload_Clear_01,1.12413e-09
HVX284_S_PLC_SPC_Upload_Clear_01,1.12413e-09
HVX285_S_PLC_SPC_Full_Upload_Clear_01,1.6862e-09
HVX285_S_PLC_SPC_Upload_01,1.12413e-09
HVX285_S_PLC_SPC_Upload_Clear_01,1.12413e-09
HVX286_S_PLC_SPC_Full_Upload_Clear_01,
HVX286_S_PLC_SPC_Full_Upload_Clear_02,1.12413e-09
HVX286_S_PLC_SPC_Upload_Clear_01,1.12413e-09
HVX287_S_PLC_SPC_Full_Upload_Clear_01,1.6862e-09
HVX287_S_PLC_SPC_Upload_Clear_01,8.99306e-10
HVX288_S_PLC_SPC_Full_Upload_Clear_01,1.12413e-09
HVX288_S_PLC_SPC_Full_Upload_Clear_02,1.12413e-09
HVX288_S_PLC_SPC_Upload_Clear_01,1.12702e-09
HVX288_S_PLC_SPC_Upload_Clear_02,1.12413e-09
HVX289_S_PLC_SPC_Full_Upload_Clear_01,1.12413e-09
HVX289_S_PLC_SPC_Full_Upload_Clear_02,1.12413e-09
HVX289_S_PLC_SPC_Upload_01,1.12413e-09
HVX289_S_PLC_SPC_Upload_Clear_01,1.12413e-09
HVX294_S_PLC_SPC_Upload_Clear_01,1.12413e-09
HVX294_S_PLC_SPC_Upload_Clear_02,1.12413e-09
HVX33_S_PLC_SPC_Full_Upload_01,1.12413e-009
HVX33_S_PLC_SPC_Full_Upload_02,1.12413e-009
HVX33_S_PLC_SPC_Upload_03,1.12413e-009
HVX36_S_PLC_SPC_Full_Upload_01,1.12413e-009
HVX36_S_PLC_SPC_Upload_03,5.62066e-010
HVX42_S_PLC_SPC_Full_Upload_03,1.12413e-009
HVX91_S_PLC_SPC_Full_Upload_01,1.12413e-009
HVX91_S_PLC_SPC_Full_Upload_02,1.12413e-009
HVX91_S_PLC_SPC_Upload_04,1.12413e-009
HVX92_S_PLC_SPC_Full_Upload_01,1.41289e-009
HVX92_S_PLC_SPC_Upload_01,1.10448e-009
HVX92_S_PLC_SPC_Upload_02,1.50597e-009
HVX99_S_PLC_SPC_Full_Upload_01,1.12413e-009
HVX99_S_PLC_SPC_Full_Upload_02,1.12413e-009
HVX99_S_PLC_SPC_Upload_01,1.12413e-009
HVX99_S_PLC_SPC_Upload_02,1.12413e-009
H6EX54_S_PLC_SPC_Full_Upload_Clear_02,1.12413e-09
HCX336v_S_PLC_SPC_Full_Upload_Clear_01,1.12413e-09
HCX350_S_PLC_SPC_Upload_Clear_01,5.62066e-10
HCX358_S_PLC_SPC_Full_Upload_Clear_01,1.12413e-09
HCX358_S_PLC_SPC_Upload_Clear_01,1.12413e-09
HCX358_S_PLC_SPC_Upload_Clear_02,1.12413e-09
HCX358_S_PLC_SPC_Upload_Clear_03,1.12413e-09
HCX359_S_PLC_SPC_Full_Upload_Clear_01,1.12413e-09
HCX359_S_PLC_SPC_Upload_Clear_01,1.12413e-09
HCX359_S_PLC_SPC_Upload_Clear_02,1.12413e-09
HCX360_S_PLC_SPC_Full_Upload_Clear_01,1.12413e-09
HCX360_S_PLC_SPC_Upload_Clear_01,1.12413e-09
HCX364_S_PLC_SPC_Full_Upload_Clear_01,1.12413e-09
HCX364_S_PLC_SPC_Upload_Clear_01,1.12413e-09
HCX364_S_PLC_SPC_Upload_Clear_02,1.12413e-09
HCX364_S_PLC_SPC_Upload_Clear_03,1.12413e-09
HCX367_S_PLC_SPC_Full_Upload_Clear_01,1.12413e-09
HCX367_S_PLC_SPC_Upload_Clear_01,5.63164e-10
HCX367_S_PLC_SPC_Upload_Clear_02,1.12413e-09
HCX368_S_PLC_SPC_Full_Upload_Clear_01,1.12413e-09
HCX368_S_PLC_SPC_Full_Upload_Clear_02,1.12413e-09
HCX368_S_PLC_SPC_Upload_Clear_01,1.12413e-09
HCX368_S_PLC_SPC_Upload_Clear_02,1.12413e-09
HCX371_S_PLC_SPC_Full_Upload_Clear_01,1.12413e-09
HCX371_S_PLC_SPC_Full_Upload_Clear_02,1.12413e-09
HCX371_S_PLC_SPC_Upload_Clear_01,1.12413e-09
HCX371_S_PLC_SPC_Upload_Clear_02,1.12413e-09
HEX454v_S_PLC_SPC_Full_Upload_Clear_02,1.12413e-09
HEX466v_S_PLC_SPC_Upload_Clear_01,1.12413e-09
HEX467_S_PLC_SPC_Upload_Clear_02,1.12413e-09
HEX467_S_PLC_SPC_Upload_Clear_03,1.12413e-09
HEX475_S_PLC_SPC_Full_Upload_Clear_01,1.12413e-09
HEX475_S_PLC_SPC_Full_Upload_Clear_02,1.12413e-09
HEX475_S_PLC_SPC_Upload_Clear_01,1.12413e-09
HEX475_S_PLC_SPC_Upload_Clear_02,1.12413e-09
HEX476_S_PLC_SPC_Full_Upload_Clear_01,1.12413e-09
HEX476_S_PLC_SPC_Upload_Clear_01,1.12413e-09
HEX476_S_PLC_SPC_Upload_Clear_02,1.12413e-09
HEX478_S_PLC_SPC_Full_Upload_Clear_01,
HEX478_S_PLC_SPC_Upload_Clear_01,1.12413e-09
HEX479_S_PLC_SPC_Full_Upload_Clear_01,1.12413e-09
HEX479_S_PLC_SPC_Full_Upload_Clear_02,1.12413e-09
HEX479_S_PLC_SPC_Upload_Clear_01,1.12413e-09
HEX479_S_PLC_SPC_Upload_Clear_02,1.12413e-09
HEX481_S_PLC_SPC_Full_Upload_Clear_01,1.12413e-09
HEX481_S_PLC_SPC_Upload_Clear_01,1.12413e-09
HEX485_S_PLC_SPC_Full_Upload_Clear_01,1.12413e-09
HEX485_S_PLC_SPC_Upload_Clear_01,1.12413e-09
HEX496_S_PLC_SPC_Full_Upload_Clear_01,1.12413e-09
HEX496_S_PLC_SPC_Upload_Clear_01,1.12413e-09
HEX502_S_PLC_SPC_Full_Upload_Clear_01,1.12413e-09
HEX502_S_PLC_SPC_Full_Upload_Clear_02,
HEX502_S_PLC_SPC_Upload_Clear_01,1.12413e-09
HEX502_S_PLC_SPC_Upload_Clear_02,1.12413e-09
HEX505_S_PLC_SPC_Full_Upload_Clear_01,1.12413e-09
HEX505_S_PLC_SPC_Full_Upload_Clear_02,1.12413e-09
HEX505_S_PLC_SPC_Full_Upload_Clear_03,1.12413e-09
HEX505_S_PLC_SPC_Upload_Clear_01,1.12413e-09
HEX506_S_PLC_SPC_Full_Upload_Clear_01,1.12413e-09
HEX506_S_PLC_SPC_Full_Upload_Clear_02,1.12413e-09
HEX506_S_PLC_SPC_Full_Upload_Clear_03,
HEX506_S_PLC_SPC_Upload_Clear_01,1.12413e-09
HEX507_S_PLC_SPC_Full_Upload_Clear_01,1.12413e-09
HEX507_S_PLC_SPC_Upload_Clear_01,1.12413e-09
HPX41v_S_PLC_SPC_Full_Upload_Clear_01,
HPX43_S_PLC_SPC_Full_Upload_Clear_01,1.12413e-09
HPX44_S_PLC_SPC_Full_Upload_Clear_01,1.12413e-09
HPX44_S_PLC_SPC_Upload_Clear_01,
HPX45_S_PLC_SPC_Full_Upload_Clear_01,1.12413e-09
HPX45_S_PLC_SPC_Upload_Clear_01,1.12413e-09
HPX45_S_PLC_SPC_Upload_Clear_02,1.12413e-09
HUX184v_S_PLC_SPC_Upload_Clear_01,1.12413e-09
HUX184v_S_PLC_SPC_Upload_Clear_02,1.12413e-09
HUX204_S_PLC_SPC_Full_Upload_Clear_01,1.12413e-09
HUX204_S_PLC_SPC_Upload_Clear_01,1.12413e-09
HUX204_S_PLC_SPC_Upload_Clear_02,1.12413e-09
HUX205_S_PLC_SPC_Full_Upload_Clear_01,1.12413e-09
HUX206_S_PLC_SPC_Full_Upload_Clear_01,1.12413e-09
HUX206_S_PLC_SPC_Upload_Clear_01,1.12413e-09
HUX208_S_PLC_SPC_Full_Upload_Clear_01,1.12413e-09
HUX208_S_PLC_SPC_Upload_Clear_01,2.24826e-09
HUX209_S_PLC_SPC_Full_Upload_Clear_01,1.12413e-09
HUX209_S_PLC_SPC_Full_Upload_Clear_02,1.12413e-09
HUX209_S_PLC_SPC_Upload_Clear_01,1.12413e-09
HUX210_S_PLC_SPC_Full_Upload_Clear_01,1.12413e-09
HUX210_S_PLC_SPC_Full_Upload_Clear_02,1.12413e-09
HUX210_S_PLC_SPC_Upload_Clear_01,1.12413e-09
HUX210_S_PLC_SPC_Upload_Clear_02,1.12413e-09
HUX211_S_PLC_SPC_Full_Upload_Clear_01,1.12413e-09
HUX211_S_PLC_SPC_Upload_Clear_01,1.12413e-09
HUX212_S_PLC_SPC_Full_Upload_Clear_01,2.24826e-09
HUX212_S_PLC_SPC_Full_Upload_Clear_02,2.24826e-09
HUX212_S_PLC_SPC_Upload_Clear_01,2.24826e-09
HUX212_S_PLC_SPC_Upload_Clear_02,2.24826e-09
HUX213_S_PLC_SPC_Full_Upload_Clear_01,
HUX213_S_PLC_SPC_Full_Upload_Clear_02,1.12413e-09
HUX213_S_PLC_SPC_Upload_Clear_01,1.12413e-09
HUX213_S_PLC_SPC_Upload_Clear_02,1.12413e-09
HUX215_S_PLC_SPC_Full_Upload_Clear_01,1.07917e-09
HUX215_S_PLC_SPC_Full_Upload_Clear_02,1.07917e-09
HUX215_S_PLC_SPC_Upload_Clear_01,1.12413e-09
HUX215_S_PLC_SPC_Upload_Clear_02,1.12413e-09
HVX255v_S_PLC_SPC_Full_Upload_Clear_01,1.12413e-09
HVX259v_S_PLC_SPC_Upload_Clear_02,1.12413e-09
HVX259v_S_PLC_SPC_Upload_Clear_03,1.12413e-09
HVX270_S_PLC_SPC_Full_Upload_Clear_01,1.12413e-09
HVX270_S_PLC_SPC_Full_Upload_Clear_02,
HVX270_S_PLC_SPC_Upload_Clear_01,1.12413e-09
HVX276_S_PLC_SPC_Upload_Clear_01,1.12413e-09
HVX279_S_PLC_SPC_Full_Upload_Clear_01,1.12413e-09
